Addrkey,Address,Country,,,
EmerServ_Iss1,sdsd,India,,,"Flat No 201, Highland park,  Thane "
EmerServ_Iss2,5 grave lane ipswich uk,UK,,,
PostalCode_Iss1,"RH B3, Miracle Society, Akurdi, Pune 411033",India,,,
PostalCode_Iss2,"Nikita Industries, Gandhi Ganj Bidar, 585401",India,,,
CityAirports_Iss1,Airport Bangalore,India,,,
CityAirports_Iss2,Bombay Airport,India,,,
CityBusStn_Iss1,CSTM Bombay,India,,,
CityBusStn_Iss2,Swargate Bus depot,India,,,
StateChg_Iss1,"Paradise Biryani, Himayat Nagar, Hyderabad, Andhra Pradesh",India,,,
StateChg_Iss2,"City muncipal office, Ranchi, Bihar",India,,,
CityNameChg_iss1,Gudluck caf� poona,India,,,
CityNameChg_iss2,"23, Rutland Gate, Thousand Lights West, Madras Tamil Nadu 600006",India,,,
IncorrectAddr_Iss1,"Tech Mahindra, Hinjwadi ph3, Puttur",India,,,
IncorrectAddr_Iss2,"Dakkhan, Lane1, Prabhat Rd, Erandwane, Pune, Maharashtra 411004",India,,,
IncompAddr_Iss1,"TCS Hinjewadi, Pune",India,,,
IncompAddr_Iss2,"The Monkey Bar, New York, NY 10022, USA",US,,,
